{"count":1,"self":65.674144,"total":353.9995389,"children":{"InitializeActuators":{"count":24,"self":0.0024794,"total":0.0024794,"children":null},"InitializeSensors":{"count":24,"self":0.0029752999999999997,"total":0.0029752999999999997,"children":null},"AgentSendState":{"count":104334,"self":15.7005792,"total":24.3564223,"children":{"CollectObservations":{"count":500808,"self":0.98001739999999993,"total":0.98001739999999993,"children":null},"WriteActionMask":{"count":500808,"self":0.3402304,"total":0.3402304,"children":null},"RequestDecision":{"count":500808,"self":1.3598952,"total":7.3355954999999993,"children":{"AgentInfo.ToProto":{"count":500808,"self":1.0341202,"total":5.9757003,"children":{"GenerateSensorData":{"count":500808,"self":3.8063992,"total":4.9415800999999995,"children":{"RayPerceptionSensor.Perceive":{"count":1001616,"self":1.1351807,"total":1.1351807,"children":null}}}}}}}}},"DecideAction":{"count":104334,"self":262.3210496,"total":262.3210486,"children":null},"AgentAct":{"count":104334,"self":1.6275884999999999,"total":1.6275884999999999,"children":null},"AgentInfo.ToProto":{"count":580,"self":0.0039683,"total":0.0138902,"children":{"GenerateSensorData":{"count":580,"self":0.0084336,"total":0.0099218999999999991,"children":{"RayPerceptionSensor.Perceive":{"count":1160,"self":0.0014883,"total":0.0014883,"children":null}}}}}},"gauges":{"KartAgent.CumulativeReward":{"count":580,"max":0.320332527,"min":-3.20402312,"runningAverage":-1.2498132,"value":-1.9069885,"weightedAverage":-0.493556023}},"metadata":{"timer_format_version":"0.1.0","start_time_seconds":"1667444243","unity_version":"2021.3.11f1","command_line_arguments":"D:\\Game Dev\\Unity Versions\\2021.3.11f1\\Editor\\Unity.exe -projectpath D:\\Game Dev\\AIRacerNN -useHub -hubIPC -cloudEnvironment production -licensingIpc LicenseClient-Anthony -hubSessionId b4bbd980-5b04-11ed-ba18-53b888ede1ea -accessToken 2DizEmhyCKuaUihhDLLyzMqZnbR8Ekrs8Yo79xPHA5w002f","communication_protocol_version":"1.5.0","com.unity.ml-agents_version":"2.0.1","scene_name":"SampleScene 1","end_time_seconds":"1667444597"}}